"deputado","partido","uf","voto_2357053-122","voto_2357053-119","voto_2357053-110","voto_2357053-108","voto_2357053-105","voto_2357053-70","voto_2357053-65","voto_2357053-62","voto_2357053-59","voto_2357053-53","voto_2357053-50","voto_2357053-47","voto_2357053-38","voto_2357053-30","voto_2362292-8"
"Luiza Erundina","PSOL","SP",0,1,1,1,1,NA,NA,NA,NA,NA,NA,NA,NA,NA,NA
"Nely Aquino","PODE","MG",1,1,0,1,1,0,1,1,1,1,0,1,1,0,1
"Sóstenes Cavalcante","PL","RJ",1,0,NA,0,0,NA,0,0,0,1,NA,1,NA,NA,0
"Luiz Philippe de Orleans e Bragança","PL","SP",0,0,0,0,0,1,0,1,0,1,1,0,0,1,0
"Marcelo Álvaro Antônio","PL","MG",0,0,0,0,0,NA,NA,0,0,1,1,0,0,NA,0
"Cristiane Lopes","UNIÃO","RO",0,1,0,1,1,1,0,1,0,1,0,1,1,NA,0
"Sargento Fahur","PSD","PR",1,0,0,0,0,1,0,0,0,1,1,0,0,1,0
"Delegado Ramagem","PL","RJ",0,0,0,0,0,1,0,0,0,1,1,0,0,1,0
"Amom Mandel","CIDADANIA","AM",1,1,NA,1,1,1,0,1,0,NA,NA,1,1,0,1
"Helio Lopes","PL","RJ",1,0,0,NA,NA,1,0,0,NA,1,1,0,0,NA,0
"Rosângela Reis","PL","MG",1,0,0,1,1,0,1,1,1,1,0,1,1,0,1
"Patrus Ananias","PT","MG",0,1,0,1,1,NA,NA,NA,NA,NA,NA,NA,NA,NA,NA
"Bibo Nunes","PL","RS",1,0,0,1,0,1,0,0,0,1,1,0,0,1,0
"Kiko Celeguim","PT","SP",0,1,0,1,1,0,1,1,1,NA,0,1,1,0,1
"Talíria Petrone","PSOL","RJ",0,1,1,1,1,0,1,0,1,0,0,0,1,1,0
"Vander Loubet","PT","MS",0,1,0,1,1,0,1,1,1,1,0,1,1,NA,1
"Jorge Goetten","PL","SC",1,NA,0,1,0,1,0,0,0,0,0,1,1,0,1
"Simone Marquetto","MDB","SP",1,0,0,1,1,0,1,0,1,1,0,1,1,NA,1
"Maria do Rosário","PT","RS",0,1,1,1,1,0,1,1,1,1,0,1,1,0,1
"Ivoneide Caetano","PT","BA",0,1,0,1,1,0,1,1,1,1,0,1,1,0,1
"Luiz Lima","PL","RJ",0,0,0,0,0,1,0,0,0,1,1,0,0,1,0
"Bruno Ganem","PODE","SP",1,1,0,1,1,0,1,1,1,1,0,1,1,0,1
"Eros Biondini","PL","MG",1,0,0,0,0,NA,NA,NA,NA,NA,1,0,0,1,0
"Lucio Mosquini","MDB","RO",1,0,0,1,1,0,1,0,1,NA,NA,1,1,0,1
"Amanda Gentil","PP","MA",0,0,0,1,1,0,1,1,1,1,0,1,1,0,1
"Capitão Augusto","PL","SP",1,0,0,1,0,1,0,0,0,1,1,0,0,1,0
"Daniel Barbosa","PP","AL",0,1,0,1,1,0,1,1,1,1,NA,1,1,NA,1
"Luiz Fernando Faria","PSD","MG",1,0,NA,1,1,0,1,0,1,1,0,1,1,0,1
"Aureo Ribeiro","SOLIDARIEDADE","RJ",0,0,0,1,1,NA,1,1,NA,1,0,1,1,0,1
"Helder Salomão","PT","ES",0,1,0,1,1,0,1,1,1,NA,0,1,1,0,1
"Delegado Caveira","PL","PA",0,0,0,0,0,1,0,0,0,1,1,0,0,1,0
"Gabriel Nunes","PSD","BA",1,1,0,1,1,0,1,1,1,1,0,1,1,0,1
"Leônidas Cristino","PDT","CE",0,1,0,1,1,0,1,1,1,1,0,1,1,0,1
"Josivaldo JP","PSD","MA",1,1,0,NA,NA,0,1,0,1,1,0,1,1,0,1
"Sanderson","PL","RS",0,NA,0,0,0,1,0,0,0,1,1,0,0,1,0
"Andreia Siqueira","MDB","PA",1,1,0,1,1,0,1,1,1,1,NA,1,1,0,1
"Ana Paula Leão","PP","MG",0,0,0,NA,1,0,0,1,0,1,0,1,1,0,1
"Luis Tibé","AVANTE","MG",0,0,0,1,1,NA,NA,NA,NA,NA,NA,NA,NA,NA,1
"Abilio Brunini","PL","MT",1,NA,0,0,0,1,0,0,0,0,1,0,0,1,0
"André Janones","AVANTE","MG",0,1,0,NA,1,NA,NA,NA,NA,NA,NA,NA,NA,NA,1
"Luciano Alves","PSD","PR",0,0,0,1,1,0,1,0,1,1,0,1,1,0,1
"Sargento Gonçalves","PL","RN",0,0,0,0,0,1,0,0,0,1,1,0,0,1,0
"Dra. Alessandra Haber","MDB","PA",1,1,0,1,1,0,1,0,1,1,NA,1,1,0,1
"Castro Neto","PSD","PI",0,1,0,1,1,0,1,1,1,1,0,1,1,0,1
"Pedro Lucas Fernandes","UNIÃO","MA",0,0,0,1,1,0,0,1,1,1,0,1,1,0,1
"Luciano Vieira","PL","RJ",1,0,0,1,1,0,1,0,0,1,0,1,1,0,1
"General Girão","PL","RN",1,NA,0,1,0,1,0,0,0,1,1,0,0,NA,0
"Clarissa Tércio","PP","PE",0,0,0,NA,NA,1,0,1,0,1,1,0,0,1,0
"Márcio Biolchi","MDB","RS",1,0,0,1,NA,NA,1,1,1,1,0,1,1,0,1
"Pastor Eurico","PL","PE",0,0,0,0,0,NA,0,0,0,1,1,0,0,1,0
"Bia Kicis","PL","DF",1,0,0,1,0,1,0,0,0,1,1,0,0,1,0
"Paulo Abi-Ackel","PSDB","MG",0,0,NA,1,1,NA,0,1,1,NA,0,1,1,NA,NA
"Marcelo Moraes","PL","RS",0,0,0,0,0,1,0,0,0,1,NA,0,0,1,NA
"Gustavo Gayer","PL","GO",0,0,0,0,0,1,0,0,0,1,1,0,NA,1,NA
"Messias Donato","REPUBLICANOS","ES",0,0,NA,0,0,1,0,0,0,1,1,0,0,1,1
"Dani Cunha","UNIÃO","RJ",0,0,0,1,1,0,0,1,0,1,0,1,1,0,1
"Antonio Carlos Rodrigues","PL","SP",1,0,0,1,1,0,1,1,1,1,0,1,1,0,1
"Jorge Solla","PT","BA",0,1,0,1,1,0,1,1,1,1,0,1,1,0,1
"Dorinaldo Malafaia","PDT","AP",0,1,0,1,1,0,1,1,1,1,0,1,1,0,1
"Nicoletti","UNIÃO","RR",0,0,0,0,0,1,0,1,0,1,1,0,0,1,0
"Marcos Soares","UNIÃO","RJ",0,0,0,0,1,0,0,1,1,1,0,1,1,0,0
"Albuquerque","REPUBLICANOS","RR",1,0,0,1,NA,0,1,1,1,1,0,1,1,0,1
"Augusto Puppio","MDB","AP",1,1,0,1,1,0,1,1,1,NA,NA,NA,NA,0,1
"Laura Carneiro","PSD","RJ",1,1,0,1,1,0,1,1,1,1,0,1,1,0,NA
"Professor Alcides","PL","GO",1,0,NA,1,0,1,0,0,0,1,1,0,0,1,0
"Júnior Ferrari","PSD","PA",0,0,0,NA,NA,1,1,1,1,1,0,1,1,0,1
"Maria Arraes","SOLIDARIEDADE","PE",1,1,0,1,1,0,1,1,1,1,0,1,1,0,1
"Marcelo Lima","PSB","SP",0,NA,0,1,1,0,1,1,1,1,0,1,1,0,1
"Benedita da Silva","PT","RJ",0,1,0,1,1,0,1,1,1,1,0,1,1,0,1
"Chico Alencar","PSOL","RJ",0,1,1,1,1,0,1,0,1,0,0,0,1,1,0
"Joaquim Passarinho","PL","PA",0,0,0,1,0,1,0,0,0,1,1,0,0,1,1
"Alfredo Gaspar","UNIÃO","AL",0,0,0,1,0,1,0,0,0,1,1,1,0,1,0
"Arthur Oliveira Maia","UNIÃO","BA",0,1,0,1,1,0,0,1,1,1,0,1,1,0,1
"Antonio Brito","PSD","BA",1,1,0,1,1,0,1,NA,NA,1,0,1,1,0,1
"Delegado Marcelo Freitas","UNIÃO","MG",0,0,0,NA,1,0,0,1,1,1,0,1,1,0,1
"Beto Richa","PSDB","PR",0,0,0,1,1,0,0,1,1,1,0,1,1,0,1
"Waldemar Oliveira","AVANTE","PE",0,0,0,1,1,0,1,1,1,1,0,1,1,0,1
"Dagoberto Nogueira","PSDB","MS",0,0,0,1,1,0,1,1,1,1,0,1,1,0,1
"José Medeiros","PL","MT",0,0,0,0,1,1,0,0,0,1,1,0,0,1,0
"Adriana Ventura","NOVO","SP",0,0,0,0,0,1,0,1,0,1,1,0,0,1,0
"Renilce Nicodemos","MDB","PA",1,1,0,1,1,0,1,1,1,NA,NA,NA,NA,NA,1
"Pastor Sargento Isidório","AVANTE","BA",1,0,0,1,1,0,1,1,1,1,0,1,1,0,1
"Tabata Amaral","PSB","SP",0,1,0,1,1,0,1,1,1,1,0,1,1,0,1
"Bohn Gass","PT","RS",0,1,0,1,1,0,1,1,1,1,0,1,1,0,1
"Átila Lira","PP","PI",0,0,0,1,1,0,1,1,1,1,0,1,1,0,1
"Carlos Jordy","PL","RJ",0,0,0,0,0,1,0,0,0,1,1,0,0,1,0
"Paulinho Freire","UNIÃO","RN",0,0,0,1,1,1,0,1,0,1,0,1,1,0,1
"Rosangela Moro","UNIÃO","SP",0,0,0,1,0,1,0,1,0,1,1,0,0,1,1
"Marx Beltrão","PP","AL",0,0,0,1,1,0,1,1,1,1,0,1,1,NA,1
"Marcos Pollon","PL","MS",0,0,NA,0,0,1,0,0,0,1,1,0,0,1,0
"Robinson Faria","PL","RN",0,0,0,1,1,1,0,0,0,1,0,1,1,0,1
"Delegada Katarina","PSD","SE",1,1,0,1,1,NA,NA,NA,NA,1,0,1,1,0,1
"Geraldo Resende","PSDB","MS",0,NA,0,1,1,0,1,1,1,1,NA,1,1,0,1
"Diego Garcia","REPUBLICANOS","PR",1,0,NA,NA,NA,0,1,1,1,1,0,1,1,0,NA
"Ismael","PSD","SC",1,1,0,NA,1,0,1,1,1,1,0,1,1,0,1
"Carlos Henrique Gaguim","UNIÃO","TO",0,0,0,1,1,0,0,0,1,1,0,1,1,0,1
"Julio Lopes","PP","RJ",0,0,0,1,1,0,1,1,1,1,0,1,1,0,1
"Aliel Machado","PV","PR",0,1,NA,1,1,0,1,1,1,1,NA,1,1,0,1
"Vitor Lippi","PSDB","SP",0,1,0,1,1,0,0,1,0,1,0,1,1,0,1
"Amália Barros","PL","MT",0,0,0,0,0,1,0,0,0,1,1,0,0,1,0
"Ricardo Salles","PL","SP",0,0,NA,0,0,1,0,NA,NA,1,1,0,0,1,0
"Osmar Terra","MDB","RS",0,0,NA,0,0,1,0,0,0,1,1,0,0,1,0
"Átila Lins","PSD","AM",1,1,1,NA,1,0,1,0,1,1,0,1,1,0,1
"Paulo Freire Costa","PL","SP",0,0,0,0,0,1,0,0,0,1,1,0,0,1,0
"Ruy Carneiro","PODE","PB",0,1,0,1,1,NA,NA,NA,NA,NA,NA,NA,NA,NA,NA
"Wellington Roberto","PL","PB",1,0,0,1,0,1,0,0,0,NA,1,0,0,1,NA
"Zé Silva","SOLIDARIEDADE","MG",0,0,0,1,1,0,1,1,1,1,0,1,1,NA,1
"Roseana Sarney","MDB","MA",1,1,0,1,1,0,1,0,1,1,0,1,1,0,1
"Defensor Stélio Dener","REPUBLICANOS","RR",1,0,0,1,1,0,1,1,1,NA,0,1,1,0,1
"Marcio Alvino","PL","SP",1,NA,0,0,0,1,0,1,0,1,1,0,0,1,0
"Daniela Reinehr","PL","SC",0,0,0,0,0,1,0,0,0,1,1,0,0,1,0
"Fernando Coelho Filho","UNIÃO","PE",0,0,0,1,1,0,0,1,1,NA,0,1,1,0,1
"Professora Luciene Cavalcante","PSOL","SP",0,1,1,1,1,0,1,0,1,0,0,0,0,1,0
"Marreca Filho","PATRIOTA","MA",0,0,0,1,1,0,1,1,1,1,0,1,1,0,1
"Delegado Palumbo","MDB","SP",0,0,0,0,0,1,0,0,0,1,1,0,0,1,0
"Welter","PT","PR",0,1,0,NA,1,0,1,1,1,1,0,1,1,0,1
"Keniston Braga","MDB","PA",1,1,0,1,1,0,1,1,0,1,0,1,1,0,1
"Félix Mendonça Júnior","PDT","BA",0,1,0,1,1,0,1,1,1,1,0,1,1,0,0
"Célia Xakriabá","PSOL","MG",0,1,1,1,1,0,1,0,1,0,0,0,1,0,NA
"Márcio Jerry","PCdoB","MA",0,1,0,1,1,0,1,1,1,1,0,1,1,0,1
"João Leão","PP","BA",0,0,0,1,1,NA,NA,NA,NA,NA,NA,NA,NA,NA,1
"Luciano Azevedo","PSD","RS",0,1,0,1,1,0,1,1,1,1,0,1,1,0,1
"Padovani","UNIÃO","PR",0,NA,0,1,1,0,0,1,0,1,1,1,1,NA,NA
"Vicentinho","PT","SP",0,1,0,1,1,0,1,1,1,1,0,1,1,0,1
"AJ Albuquerque","PP","CE",0,0,0,1,1,NA,NA,NA,NA,NA,NA,NA,NA,NA,NA
"Daniel Freitas","PL","SC",0,0,0,0,0,1,0,0,0,1,NA,0,0,1,0
"Ana Paula Lima","PT","SC",0,0,0,1,1,0,1,1,1,1,0,1,1,0,1
"Leur Lomanto Júnior","UNIÃO","BA",0,NA,0,1,1,0,0,0,0,1,0,1,1,0,0
"Caio Vianna","PSD","RJ",1,1,0,1,1,0,1,1,1,1,0,1,1,0,NA
"Dr. Ismael Alexandrino","PSD","GO",1,1,0,1,1,0,1,0,1,1,0,1,1,0,1
"Ricardo Silva","PSD","SP",0,1,0,1,1,0,1,1,1,1,0,1,1,0,1
"Cezinha de Madureira","PSD","SP",1,1,0,1,1,0,1,0,1,1,0,1,1,0,1
"Merlong Solano","PT","PI",0,1,0,1,1,0,1,1,1,1,0,1,1,0,1
"Rosana Valle","PL","SP",1,0,0,1,0,1,0,0,0,1,1,0,0,1,0
"Roberto Monteiro Pai","PL","RJ",1,0,0,0,0,1,0,0,0,1,1,1,0,1,1
"Misael Varella","PSD","MG",1,NA,0,1,1,0,1,1,1,NA,0,1,1,0,1
"Icaro de Valmir","PL","SE",0,0,NA,1,1,1,0,0,0,1,0,1,1,0,1
"Marcel van Hattem","NOVO","RS",0,0,0,0,0,1,0,1,0,1,1,0,0,1,0
"Lula da Fonte","PP","PE",0,0,0,1,1,0,1,1,1,1,0,1,1,0,1
"Dr. Frederico","PATRIOTA","MG",0,0,0,0,0,1,0,0,0,1,1,0,0,1,0
"Padre João","PT","MG",0,1,0,1,1,0,1,1,1,NA,0,1,1,0,1
"Pedro Lupion","PP","PR",1,0,0,NA,NA,0,0,0,0,1,1,1,1,0,1
"Cabo Gilberto Silva","PL","PB",0,0,0,0,0,1,0,0,0,1,1,0,0,1,0
"Eduardo da Fonte","PP","PE",0,0,0,1,1,0,1,1,1,1,0,1,1,0,1
"Luis Carlos Gomes","REPUBLICANOS","RJ",1,0,NA,1,1,0,1,1,1,1,0,1,1,0,1
"Dr. Zacharias Calil","UNIÃO","GO",0,1,0,1,NA,1,0,0,0,1,1,0,0,1,1
"Fernando Mineiro","PT","RN",0,1,0,1,1,0,1,1,1,1,0,1,1,0,1
"João Carlos Bacelar","PL","BA",0,0,0,1,1,0,1,1,NA,NA,0,1,1,0,1
"Rubens Pereira Júnior","PT","MA",0,1,0,1,1,0,1,1,1,1,0,1,1,0,1
"Leonardo Monteiro","PT","MG",0,1,0,1,NA,0,1,1,1,1,0,1,1,0,1
"Marangoni","UNIÃO","SP",0,0,0,1,1,0,0,1,1,1,0,1,1,0,1
"Augusto Coutinho","REPUBLICANOS","PE",1,0,0,1,1,0,1,1,1,1,0,1,1,0,1
"Emanuel Pinheiro Neto","MDB","MT",1,0,0,1,1,0,1,1,1,1,0,1,1,0,1
"Zé Neto","PT","BA",0,1,0,1,1,0,1,1,1,1,0,1,1,0,1
"Wilson Santiago","REPUBLICANOS","PB",1,0,NA,1,1,0,1,1,1,NA,0,1,1,0,1
"Luiz Nishimori","PSD","PR",1,0,NA,1,1,0,1,1,1,1,0,1,1,0,1
"Josimar Maranhãozinho","PL","MA",0,0,0,1,1,0,1,1,1,NA,NA,1,1,0,1
"Coronel Meira","PL","PE",0,0,0,1,0,1,0,0,0,1,1,0,0,1,0
"Dr. Luiz Ovando","PP","MS",0,0,0,0,1,0,0,1,1,1,0,0,1,1,1
"Beto Pereira","PSDB","MS",1,0,NA,1,1,0,1,1,1,NA,0,1,1,0,1
"Nilto Tatto","PT","SP",0,1,0,1,1,0,1,1,1,1,NA,1,1,0,1
"Natália Bonavides","PT","RN",0,1,0,1,1,0,1,1,1,1,0,1,1,0,1
"Murillo Gouvea","UNIÃO","RJ",0,0,0,1,1,0,0,1,1,1,NA,1,1,0,1
"Mendonça Filho","UNIÃO","PE",0,0,0,NA,NA,1,0,1,0,1,1,0,0,1,0
"Aluisio Mendes","REPUBLICANOS","MA",1,0,0,1,1,0,1,1,1,1,0,1,1,0,1
"Fausto Jr.","UNIÃO","AM",0,0,0,NA,NA,0,0,1,1,1,0,1,1,0,1
"Miguel Ângelo","PT","MG",0,1,0,1,NA,0,1,1,1,1,0,1,1,0,1
"Daniel Agrobom","PL","GO",0,0,0,1,1,0,1,1,1,1,0,1,1,0,1
"João Maia","PL","RN",0,1,0,1,1,1,0,0,0,1,1,1,0,1,0
"Pedro Uczai","PT","SC",0,1,1,1,1,0,1,1,1,0,0,1,1,0,1
"Murilo Galdino","REPUBLICANOS","PB",1,0,0,1,1,0,1,1,1,1,0,1,1,0,1
"Duda Salabert","PDT","MG",0,1,0,1,1,0,1,0,1,1,0,1,1,0,1
"Antônio Doido","MDB","PA",1,1,0,1,1,0,1,1,1,NA,NA,NA,NA,NA,NA
"Dr. Jaziel","PL","CE",0,0,0,1,0,1,0,0,0,1,1,0,0,1,0
"Zé Trovão","PL","SC",1,0,0,0,0,1,0,0,0,1,1,0,0,1,0
"Lucas Ramos","PSB","PE",0,1,0,1,1,0,1,1,1,1,0,1,1,0,1
"Leo Prates","PDT","BA",0,1,0,1,1,0,1,1,1,1,0,1,1,0,1
"José Guimarães","PT","CE",1,0,0,1,1,0,1,1,1,1,0,1,1,0,1
"João Daniel","PT","SE",0,0,0,1,1,0,1,1,1,1,0,1,1,0,1
"Gervásio Maia","PSB","PB",0,1,0,1,1,0,1,1,1,1,0,1,1,0,1
"Daiana Santos","PCdoB","RS",1,1,0,1,1,0,1,1,1,1,NA,1,1,0,1
"Coronel Telhada","PP","SP",0,0,0,0,NA,NA,NA,NA,NA,NA,NA,NA,NA,NA,0
"Jilmar Tatto","PT","SP",0,1,0,1,1,0,1,1,1,1,0,1,1,0,1
"Zé Haroldo Cathedral","PSD","RR",1,1,0,1,1,0,1,1,1,1,0,1,1,0,1
"Flavinha","MDB","MT",1,0,0,1,1,NA,NA,NA,NA,NA,NA,NA,NA,NA,NA
"Heitor Schuch","PSB","RS",0,1,0,1,1,0,1,1,1,NA,NA,NA,NA,NA,1
"Max Lemos","PDT","RJ",0,1,0,1,1,0,1,1,1,1,0,1,1,0,1
"Gisela Simona","UNIÃO","MT",0,0,0,1,1,NA,NA,NA,NA,NA,NA,NA,NA,NA,NA
"Pastor Gil","PL","MA",1,NA,0,1,1,1,0,0,0,1,0,1,1,0,1
"Duda Ramos","MDB","RR",1,1,0,1,1,NA,NA,NA,NA,NA,NA,NA,NA,NA,1
"Delegada Adriana Accorsi","PT","GO",0,1,0,1,1,0,1,1,1,1,0,1,1,0,1
"Rui Falcão","PT","SP",0,1,0,1,1,0,1,1,1,1,0,1,1,0,1
"Marcon","PT","RS",0,1,NA,0,1,0,1,1,1,1,0,1,1,0,1
"Florentino Neto","PT","PI",0,1,0,1,1,0,1,1,1,1,0,1,1,0,1
"Detinha","PL","MA",0,0,0,1,1,0,1,1,1,1,0,1,1,NA,1
"Pompeo de Mattos","PDT","RS",0,1,0,1,1,0,1,1,1,1,0,1,1,0,1
"General Pazuello","PL","RJ",1,0,0,1,0,1,0,0,0,1,1,0,0,1,0
"Dal Barreto","UNIÃO","BA",0,0,0,1,1,0,0,1,1,1,0,1,1,0,1
"Bacelar","PV","BA",0,1,0,1,1,0,1,1,1,1,0,1,1,0,1
"Raimundo Santos","PSD","PA",1,0,0,1,1,0,1,1,1,1,0,1,1,0,1
"Antonio Andrade","REPUBLICANOS","TO",1,0,0,1,1,0,1,0,1,1,0,1,1,0,1
"Jadyel Alencar","PV","PI",0,1,0,1,1,NA,NA,NA,NA,NA,NA,NA,NA,NA,NA
"Enfermeira Ana Paula","PDT","CE",0,1,0,1,1,NA,NA,NA,NA,NA,NA,NA,NA,NA,NA
"Dimas Gadelha","PT","RJ",0,1,0,NA,1,0,1,1,1,1,0,1,1,0,1
"Danilo Forte","UNIÃO","CE",1,NA,0,1,1,0,0,0,0,1,NA,1,1,0,1
"Pr. Marco Feliciano","PL","SP",0,0,0,1,0,1,0,0,0,1,NA,0,0,1,0
"Stefano Aguiar","PSD","MG",1,0,0,1,1,NA,1,0,1,1,0,1,1,0,1
"Odair Cunha","PT","MG",0,1,0,1,1,0,1,1,1,1,0,1,1,0,1
"Junior Lourenço","PL","MA",0,0,0,NA,1,NA,1,1,1,1,0,1,1,0,1
"Lêda Borges","PSDB","GO",0,0,0,1,1,0,0,0,1,1,0,1,1,0,1
"Coronel Fernanda","PL","MT",0,0,0,0,0,NA,NA,NA,NA,NA,NA,NA,NA,NA,0
"Carlos Sampaio","PSDB","SP",0,0,0,1,1,1,0,1,0,1,0,1,1,0,1
"Carlos Zarattini","PT","SP",0,1,0,1,1,0,1,1,1,1,0,1,1,0,1
"Idilvan Alencar","PDT","CE",0,1,0,1,1,0,1,1,1,1,0,1,1,0,1
"Fábio Teruel","MDB","SP",1,0,0,1,1,0,1,1,1,1,0,1,1,0,1
"Alceu Moreira","MDB","RS",1,0,0,1,NA,1,1,1,1,1,0,1,1,0,NA
"Afonso Motta","PDT","RS",0,1,0,1,1,0,1,1,1,1,0,1,1,0,1
"Eriberto Medeiros","PSB","PE",0,1,0,1,1,0,1,1,1,1,0,1,1,0,1
"Henderson Pinto","MDB","PA",1,1,0,1,1,0,1,1,1,1,0,1,1,0,1
"Lucas Redecker","PSDB","RS",0,0,0,0,0,1,0,0,0,1,1,0,0,1,0
"Gilvan Maximo","REPUBLICANOS","DF",1,0,0,1,1,0,1,0,0,1,1,0,0,1,1
"Rodrigo Valadares","UNIÃO","SE",0,0,0,0,0,NA,NA,NA,NA,NA,NA,NA,NA,NA,NA
"Dr. Fernando Máximo","UNIÃO","RO",1,0,0,1,1,1,0,1,0,1,0,1,1,0,1
"Gabriel Mota","REPUBLICANOS","RR",1,0,0,1,1,0,1,1,1,NA,NA,1,1,0,1
"Alberto Mourão","MDB","SP",1,NA,0,1,1,0,1,0,1,1,0,1,1,0,NA
"Jones Moura","PSD","RJ",1,0,0,1,1,0,1,0,NA,NA,NA,NA,NA,NA,NA
"Denise Pessôa","PT","RS",0,1,0,1,1,0,1,1,1,1,0,1,1,0,1
"Zezinho Barbary","PP","AC",0,0,0,1,1,0,1,1,1,1,0,1,1,0,1
"André Fufuca","PP","MA",0,0,0,1,1,0,1,1,1,1,0,1,1,0,1
"Reginete Bispo","PT","RS",0,1,0,1,1,0,1,1,1,NA,0,1,1,0,1
"Rodrigo Estacho","PSD","PR",0,0,0,1,1,0,1,0,0,1,0,1,1,0,1
"Lídice da Mata","PSB","BA",0,1,0,1,1,0,1,1,1,1,0,1,1,0,1
"Mário Negromonte Jr.","PP","BA",0,0,0,1,1,0,1,1,1,NA,NA,1,1,NA,1
"André Fernandes","PL","CE",0,0,0,0,0,1,0,0,0,1,1,0,0,1,NA
"Julio Arcoverde","PP","PI",0,0,0,1,NA,0,NA,1,1,1,0,1,1,0,1
"Pezenti","MDB","SC",1,0,0,0,0,1,0,0,0,1,0,1,1,0,0
"Gerlen Diniz","PP","AC",0,0,0,1,1,1,0,1,0,1,1,0,1,0,1
"Dilvanda Faro","PT","PA",0,0,0,1,1,NA,NA,1,1,1,0,1,1,0,1
"Afonso Hamm","PP","RS",0,0,0,NA,0,1,0,0,0,1,1,0,0,1,0
"Flávio Nogueira","PT","PI",0,1,0,1,1,0,1,1,1,1,0,1,1,0,1
"Luiz Carlos Motta","PL","SP",1,0,0,1,1,1,0,0,0,1,1,1,1,0,1
"Giovani Cherini","PL","RS",1,0,0,0,0,1,0,1,0,1,1,0,0,1,1
"Marcos Pereira","REPUBLICANOS","SP",1,0,NA,NA,1,0,1,1,1,NA,NA,1,1,0,1
"Jack Rocha","PT","ES",0,1,0,1,1,0,1,1,1,1,0,1,1,0,1
"Orlando Silva","PCdoB","SP",1,1,0,1,1,0,1,0,1,NA,0,1,1,0,1
"Carla Zambelli","PL","SP",1,0,0,0,0,NA,NA,NA,NA,NA,NA,NA,NA,NA,NA
"Marcelo Crivella","REPUBLICANOS","RJ",1,NA,0,1,1,1,1,0,1,1,0,1,1,0,1
"José Rocha","UNIÃO","BA",0,0,0,1,1,0,0,1,1,1,0,1,1,0,1
"Vermelho","PL","PR",1,0,0,1,0,1,0,0,0,1,0,1,1,0,1
"Juninho do Pneu","UNIÃO","RJ",0,NA,0,1,1,0,0,1,1,NA,0,1,1,0,1
"Márcio Honaiser","PDT","MA",0,1,0,1,NA,0,1,1,NA,1,0,1,1,0,NA
"Valmir Assunção","PT","BA",0,0,0,1,NA,0,1,1,1,1,0,1,1,0,1
"Bruno Farias","AVANTE","MG",0,0,0,1,1,0,1,1,1,1,0,1,1,0,1
"Vicentinho Júnior","PP","TO",0,0,0,1,1,0,1,1,1,1,0,1,1,0,1
"Luizianne Lins","PT","CE",0,1,0,NA,NA,0,1,1,1,1,0,1,1,0,1
"Márcio Correa","MDB","GO",1,0,0,1,NA,NA,NA,NA,NA,NA,NA,NA,NA,NA,NA
"Arlindo Chinaglia","PT","SP",0,NA,0,1,1,0,1,1,1,1,0,1,1,0,1
"Waldenor Pereira","PT","BA",0,1,0,1,1,NA,NA,NA,NA,NA,NA,NA,NA,NA,1
"Júnior Mano","PL","CE",0,0,0,1,1,NA,1,1,1,1,0,1,1,0,NA
"Nikolas Ferreira","PL","MG",0,0,NA,0,0,1,0,0,0,NA,1,0,0,1,0
"Rubens Otoni","PT","GO",0,NA,0,1,1,0,1,1,1,1,0,1,1,0,1
"Gilson Daniel","PODE","ES",0,1,0,1,1,0,1,1,1,1,0,1,1,0,NA
"Adilson Barroso","PL","SP",1,0,0,1,0,1,0,0,0,1,1,1,1,1,0
"Miguel Lombardi","PL","SP",1,0,0,0,0,1,0,0,NA,NA,NA,NA,NA,NA,NA
"Chiquinho Brazão","UNIÃO","RJ",0,0,0,1,1,0,0,1,0,1,0,1,1,0,NA
"Professora Goreth","PDT","AP",0,1,NA,NA,NA,NA,NA,NA,NA,1,0,1,1,0,1
"Rodrigo Gambale","PODE","SP",1,1,0,1,1,0,1,1,1,1,0,1,1,0,1
"Paulo Litro","PSD","PR",1,0,0,1,1,0,1,1,1,1,0,1,1,0,1
"Dr. Benjamim","UNIÃO","MA",0,0,0,1,1,0,0,1,1,1,NA,1,1,0,1
"Sergio Souza","MDB","PR",1,0,0,1,1,0,1,0,1,1,0,1,1,0,1
"Hélio Leite","UNIÃO","PA",0,0,0,1,1,NA,NA,NA,NA,NA,NA,NA,NA,NA,NA
"Saullo Vianna","UNIÃO","AM",0,0,0,1,1,0,0,1,1,1,0,1,NA,NA,1
"Josias Gomes","PT","BA",0,1,0,1,1,0,1,1,1,1,0,1,1,0,1
"Damião Feliciano","UNIÃO","PB",0,1,0,1,1,0,0,1,1,1,0,1,1,0,1
"Marussa Boldrin","MDB","GO",1,1,0,1,1,0,1,1,1,1,0,1,1,0,1
"Lebrão","UNIÃO","RO",0,0,0,1,1,NA,NA,NA,NA,NA,NA,NA,NA,NA,1
"Delegado da Cunha","PP","SP",0,0,0,NA,NA,0,1,1,1,1,0,1,1,0,NA
"Clodoaldo Magalhães","PV","PE",0,1,0,1,1,0,1,1,1,NA,0,1,1,0,1
"Paulão","PT","AL",0,NA,0,1,1,0,1,1,1,1,0,1,1,0,1
"Soraya Santos","PL","RJ",1,1,0,1,1,1,0,NA,NA,1,1,0,0,1,NA
"Capitão Alden","PL","BA",0,NA,0,0,0,1,0,0,0,1,1,0,0,1,0
"Fernanda Melchionna","PSOL","RS",0,1,NA,1,1,0,1,0,1,0,0,0,0,1,0
"Bandeira de Mello","PSB","RJ",0,1,0,1,1,0,1,1,1,1,0,1,1,0,1
"Duarte Jr.","PSB","MA",0,1,0,1,1,0,1,1,1,1,0,1,1,0,1
"Roberta Roma","PL","BA",1,0,0,0,0,NA,NA,NA,NA,1,1,0,0,1,0
"Vinicius Carvalho","REPUBLICANOS","SP",1,0,0,1,1,0,1,1,1,1,0,1,1,0,1
"Carlos Gomes","REPUBLICANOS","RS",1,0,0,1,1,0,1,1,1,1,NA,1,1,0,1
"Silvye Alves","UNIÃO","GO",0,1,0,1,1,0,0,1,1,1,0,1,1,0,1
"Delegada Ione","AVANTE","MG",0,0,0,1,1,1,1,1,1,1,0,1,1,0,NA
"Dandara","PT","MG",0,1,0,1,1,0,1,1,1,1,0,1,1,NA,NA
"Túlio Gadêlha","REDE","PE",0,1,1,1,1,0,1,0,1,0,0,0,0,1,0
"Sargento Portugal","PODE","RJ",0,0,0,0,1,1,0,0,0,1,0,1,1,0,1
"Luiz Couto","PT","PB",0,1,0,1,1,0,1,1,1,1,0,1,1,0,NA
"Pastor Diniz","UNIÃO","RR",0,0,0,NA,1,1,0,0,0,1,0,1,1,0,1
"Daniel Trzeciak","PSDB","RS",0,0,0,1,1,0,0,0,0,1,1,0,0,NA,0
"Filipe Barros","PL","PR",1,0,0,0,0,1,0,0,NA,1,1,0,0,1,0
"Juliana Cardoso","PT","SP",0,1,0,1,1,0,1,1,1,1,0,1,1,NA,1
"Lincoln Portela","PL","MG",1,0,0,0,0,1,0,0,0,1,1,0,0,1,0
"Dimas Fabiano","PP","MG",0,0,0,1,1,0,1,1,1,1,0,1,1,0,1
"Paulo Guedes","PT","MG",0,0,0,1,1,0,1,1,1,1,0,1,1,0,1
"Raimundo Costa","PODE","BA",1,1,0,1,1,0,1,1,1,1,NA,1,1,0,1
"Tarcísio Motta","PSOL","RJ",0,1,1,1,1,0,1,0,1,0,0,0,0,1,0
"Daniel Almeida","PCdoB","BA",1,1,0,1,1,0,1,1,1,1,0,1,1,0,1
"Arnaldo Jardim","CIDADANIA","SP",1,NA,0,1,1,0,1,1,1,1,0,1,1,0,1
"José Nelto","PP","GO",0,NA,0,NA,1,0,1,1,1,1,NA,1,1,0,1
"Olival Marques","MDB","PA",1,1,0,1,1,0,1,1,1,1,0,1,1,0,1
"Capitão Alberto Neto","PL","AM",1,0,0,1,0,1,0,0,0,1,0,1,1,0,1
"Eli Borges","PL","TO",1,NA,0,1,0,1,0,0,0,1,1,0,0,1,0
"Samuel Viana","PL","MG",1,0,0,1,1,0,0,0,0,1,0,1,1,0,1
"Cobalchini","MDB","SC",1,0,0,1,1,0,1,0,1,1,0,1,1,0,1
"Jeferson Rodrigues","REPUBLICANOS","GO",1,0,0,1,1,0,1,0,1,1,0,1,1,0,1
"Felipe Becari","UNIÃO","SP",0,NA,0,1,1,0,0,1,1,1,NA,1,1,0,1
"Silas Câmara","REPUBLICANOS","AM",1,NA,0,1,1,NA,NA,NA,NA,NA,NA,NA,NA,NA,NA
"Pedro Paulo","PSD","RJ",1,0,0,1,1,0,1,1,1,1,0,1,1,0,1
"Rodrigo de Castro","UNIÃO","MG",0,0,0,1,1,0,0,1,1,1,0,1,1,0,1
"Luciano Ducci","PSB","PR",0,1,0,1,1,0,1,1,1,1,0,1,1,0,1
"Caroline de Toni","PL","SC",0,0,0,0,0,1,0,0,0,1,1,0,0,1,0
"Coronel Chrisóstomo","PL","RO",0,0,NA,0,0,1,0,0,0,1,1,NA,NA,1,0
"Euclydes Pettersen","REPUBLICANOS","MG",1,0,NA,NA,1,NA,1,NA,1,1,0,NA,NA,NA,1
"Mauro Benevides Filho","PDT","CE",0,1,0,1,1,0,1,1,1,1,0,1,1,0,1
"Rodolfo Nogueira","PL","MS",1,0,0,1,0,1,0,0,0,1,1,0,0,1,0
"Renata Abreu","PODE","SP",1,1,0,NA,NA,0,1,1,1,1,0,1,1,0,1
"Marco Brasil","PP","PR",0,0,0,1,1,0,1,1,1,1,0,1,1,0,1
"Mauricio Marcon","PODE","RS",0,0,0,0,0,1,0,0,0,1,1,0,0,1,0
"Guilherme Uchoa","PSB","PE",0,1,0,1,1,0,1,1,1,1,0,1,1,0,1
"Luiz Carlos Busato","UNIÃO","RS",0,0,0,1,1,0,0,1,0,1,NA,1,1,0,1
"Toninho Wandscheer","PP","PR",0,0,0,1,1,0,1,1,1,1,0,1,1,0,NA
"Alexandre Lindenmeyer","PT","RS",0,1,0,1,1,0,1,1,1,1,0,1,1,0,1
"Claudio Cajado","PP","BA",0,0,0,1,1,0,1,1,1,1,0,1,1,0,1
"Tião Medeiros","PP","PR",0,0,0,1,1,0,1,0,1,1,0,1,1,NA,1
"Delegado Paulo Bilynskyj","PL","SP",0,0,0,1,0,1,0,0,0,1,1,0,0,1,0
"Carol Dartora","PT","PR",0,1,0,1,1,0,1,1,1,1,0,1,1,0,1
"Franciane Bayer","REPUBLICANOS","RS",1,0,0,1,1,0,1,0,0,1,0,1,1,0,1
"Paulo Azi","UNIÃO","BA",0,0,0,1,1,0,0,0,1,1,0,1,1,0,1
"Ana Pimentel","PT","MG",0,1,0,1,1,0,1,1,1,1,0,1,1,0,1
"Adail Filho","REPUBLICANOS","AM",1,0,0,1,1,0,1,0,1,1,0,1,1,0,1
"Paulo Magalhães","PSD","BA",1,1,0,1,1,0,1,1,1,1,0,1,1,0,1
"Alencar Santana","PT","SP",0,1,0,1,1,0,1,1,1,1,0,1,1,0,1
"Erika Hilton","PSOL","SP",0,1,1,1,1,NA,NA,NA,NA,0,0,0,1,1,0
"Pedro Campos","PSB","PE",0,1,0,1,1,0,1,1,1,1,0,1,1,0,1
"Dr. Francisco","PT","PI",0,1,0,1,1,0,1,1,1,1,0,1,1,0,1
"Yandra Moura","UNIÃO","SE",0,0,0,1,1,0,0,1,1,1,0,1,1,0,1
"José Priante","MDB","PA",1,0,0,1,1,NA,1,1,1,1,0,1,1,NA,1
"Meire Serafim","UNIÃO","AC",0,0,0,1,1,0,0,1,1,1,0,1,1,0,1
"Pastor Henrique Vieira","PSOL","RJ",0,1,1,1,1,0,1,0,1,0,0,0,0,0,0
"Socorro Neri","PP","AC",0,0,0,1,NA,0,1,1,1,1,NA,1,1,0,1
"André Figueiredo","PDT","CE",0,1,0,1,1,0,1,1,1,1,0,1,1,0,1
"Jonas Donizette","PSB","SP",0,1,0,1,1,0,1,1,1,1,0,1,1,0,1
"Delegado Éder Mauro","PL","PA",1,0,0,0,0,1,0,0,0,1,1,0,0,1,0
"Jorge Braz","REPUBLICANOS","RJ",1,0,0,1,NA,0,1,1,1,1,0,1,1,0,1
"Fred Linhares","REPUBLICANOS","DF",1,0,0,1,1,0,1,0,1,1,NA,0,0,0,1
"Coronel Assis","UNIÃO","MT",1,0,0,NA,0,1,0,0,0,1,1,1,1,0,0
"Márcio Marinho","REPUBLICANOS","BA",1,0,0,1,1,0,1,1,1,1,0,1,1,0,1
"Rogério Correia","PT","MG",0,NA,0,1,1,0,1,1,1,1,0,1,1,0,1
"Coronel Ulysses","UNIÃO","AC",0,0,0,1,1,NA,NA,NA,NA,1,0,1,1,NA,0
"Mauricio do Vôlei","PL","MG",1,0,0,0,0,1,0,0,0,1,1,0,0,1,0
"Alfredinho","PT","SP",0,1,0,1,1,0,1,1,1,1,0,1,1,0,1
"Giacobo","PL","PR",1,0,NA,1,0,1,0,0,0,1,1,1,0,1,1
"Da Vitoria","PP","ES",0,0,0,1,1,0,1,1,1,1,0,1,1,0,1
"Joseildo Ramos","PT","BA",0,0,0,1,1,0,1,1,1,1,0,1,1,0,1
"Prof. Reginaldo Veras","PV","DF",0,1,0,1,1,0,1,0,1,1,0,0,1,NA,1
"Silvia Cristina","PL","RO",1,0,0,1,0,1,0,NA,NA,1,1,0,0,1,1
"Thiago de Joaldo","PP","SE",0,0,NA,1,NA,0,1,1,1,NA,0,1,1,0,1
"Roberto Duarte","REPUBLICANOS","AC",1,1,1,1,1,0,0,1,0,1,0,1,1,0,1
"Eduardo Bolsonaro","PL","SP",0,0,0,0,NA,1,0,0,0,1,1,0,0,1,0
"Fernando Rodolfo","PL","PE",1,0,0,1,0,1,0,0,0,1,1,1,0,0,1
"Airton Faleiro","PT","PA",0,1,0,1,1,NA,NA,1,1,1,0,1,1,0,1
"Gilvan da Federal","PL","ES",0,0,0,0,0,1,0,0,0,1,1,0,0,1,0
"Luciano Amaral","PV","AL",0,1,0,1,1,0,1,1,1,1,0,1,1,0,1
"Bebeto","PP","RJ",0,0,0,1,1,0,1,1,1,1,0,1,1,0,1
"Tadeu Veneri","PT","PR",0,1,0,1,1,0,1,1,1,1,0,1,1,0,1
"Isnaldo Bulhões Jr.","MDB","AL",1,1,0,1,1,NA,1,1,1,1,0,1,1,NA,1
"Tiririca","PL","SP",0,0,0,1,1,0,1,0,1,1,0,1,1,1,0
"Ely Santos","REPUBLICANOS","SP",1,0,0,1,1,NA,NA,NA,NA,NA,NA,NA,NA,NA,NA
"Luiz Carlos Hauly","PODE","PR",1,0,0,1,1,NA,NA,NA,NA,NA,NA,NA,NA,NA,NA
"Prof. Paulo Fernando","REPUBLICANOS","DF",1,0,0,1,1,0,0,0,0,1,1,0,0,1,1
"Maria Rosas","REPUBLICANOS","SP",1,0,0,NA,1,0,1,1,1,1,0,1,1,0,1
"Alexandre Guimarães","REPUBLICANOS","TO",1,0,0,1,1,0,1,0,1,1,0,1,1,0,1
"Fausto Pinato","PP","SP",0,0,0,1,1,0,1,1,1,NA,0,1,1,0,1
"Jefferson Campos","PL","SP",1,0,0,1,0,1,0,0,NA,1,1,0,0,1,0
"Lindbergh Farias","PT","RJ",0,1,1,1,1,0,1,1,1,0,0,1,1,0,1
"Hugo Motta","REPUBLICANOS","PB",1,0,0,1,1,0,1,1,1,1,0,1,1,0,1
"Luiz Antônio Corrêa","PP","RJ",0,0,0,1,1,0,1,1,1,1,NA,1,1,0,1
"Pedro Aihara","PATRIOTA","MG",0,1,0,1,1,0,1,0,0,1,0,1,1,0,1
"Flávia Morais","PDT","GO",0,1,1,1,1,0,1,1,1,1,0,1,1,0,1
"Zucco","REPUBLICANOS","RS",1,0,0,NA,0,1,0,0,0,1,1,0,0,1,1
"Antônia Lúcia","REPUBLICANOS","AC",1,0,0,1,1,0,1,1,1,NA,NA,NA,NA,NA,1
"Gilson Marques","NOVO","SC",0,0,0,0,0,1,0,1,0,1,1,0,0,1,0
"Helena Lima","MDB","RR",1,NA,NA,1,1,0,1,1,1,1,0,1,1,0,1
"Carlos Veras","PT","PE",0,NA,0,1,1,0,1,1,1,1,0,1,1,0,1
"Silvia Waiãpi","PL","AP",1,0,0,1,0,1,0,0,0,1,1,0,0,NA,0
"Sâmia Bomfim","PSOL","SP",0,1,1,1,1,0,1,0,1,0,NA,0,0,1,0
"Gilberto Abramo","REPUBLICANOS","MG",1,0,NA,1,1,0,1,1,1,1,0,1,1,0,1
"Alexandre Leite","UNIÃO","SP",0,0,0,NA,1,NA,NA,1,1,NA,0,1,1,NA,1
"Glauber Braga","PSOL","RJ",0,1,1,1,1,0,1,0,1,0,0,0,0,1,0
"Josenildo","PDT","AP",0,1,0,1,1,0,1,1,1,1,0,1,1,0,1
"Rafael Simoes","UNIÃO","MG",0,0,0,1,1,1,0,1,0,1,0,1,1,0,1
"Iza Arruda","MDB","PE",1,1,0,1,1,0,1,1,1,1,0,1,1,0,1
"Fernanda Pessoa","UNIÃO","CE",0,0,0,1,1,0,0,1,1,1,0,1,1,0,1
"Dilceu Sperafico","PP","PR",0,0,0,1,1,0,1,1,1,1,0,1,1,0,NA
"Marcelo Queiroz","PP","RJ",0,0,0,1,1,0,1,1,1,1,0,1,1,0,1
"Delegado Fabio Costa","PP","AL",0,0,0,1,1,0,1,1,1,1,0,1,1,0,1
"Domingos Sávio","PL","MG",1,0,0,1,1,1,0,0,0,1,1,1,0,1,1
"Kim Kataguiri","UNIÃO","SP",0,0,0,0,0,1,0,1,0,1,1,0,0,1,0
"Fabio Reis","PSD","SE",1,0,0,1,1,0,1,1,1,1,0,1,1,0,1
"Guilherme Boulos","PSOL","SP",0,1,1,1,1,0,1,0,1,0,0,0,1,0,0
"Mário Heringer","PDT","MG",0,1,0,1,1,0,1,1,1,1,0,1,1,0,1
"Sidney Leite","PSD","AM",0,1,0,1,NA,0,1,1,1,NA,NA,1,1,0,1
"Ricardo Ayres","REPUBLICANOS","TO",1,0,0,1,1,0,1,1,1,1,0,1,1,0,1
"Alberto Fraga","PL","DF",0,0,0,1,1,1,0,0,0,1,1,0,0,1,0
"Baleia Rossi","MDB","SP",1,0,0,1,1,0,1,0,NA,1,0,1,1,0,1
"Aguinaldo Ribeiro","PP","PB",0,0,0,1,1,0,1,1,1,1,0,1,1,0,1
"Ricardo Maia","MDB","BA",1,1,0,1,1,0,1,0,1,1,0,1,1,0,1
"Felipe Carreras","PSB","PE",0,1,0,1,1,0,1,1,1,1,0,1,1,0,1
"Newton Cardoso Jr","MDB","MG",1,0,1,NA,0,0,1,0,NA,1,0,0,0,0,1
"Alice Portugal","PCdoB","BA",1,1,0,1,1,0,1,1,1,1,0,1,1,0,1
"Renildo Calheiros","PCdoB","PE",1,1,0,1,1,0,1,1,1,1,0,1,1,0,1
"Zeca Dirceu","PT","PR",0,1,0,1,1,0,1,1,1,1,0,1,1,0,1
"Gutemberg Reis","MDB","RJ",1,0,0,1,1,0,1,1,1,1,0,1,1,0,1
"Eunício Oliveira","MDB","CE",1,1,0,1,1,0,NA,0,1,NA,0,1,1,0,1
"Amaro Neto","REPUBLICANOS","ES",1,0,NA,1,1,0,1,1,1,1,0,1,1,0,1
"Gustinho Ribeiro","REPUBLICANOS","SE",1,0,0,1,1,0,1,1,1,1,0,1,1,0,1
"Lázaro Botelho","PP","TO",0,0,0,1,1,0,1,1,1,1,0,1,1,0,1
"Jandira Feghali","PCdoB","RJ",1,1,0,1,1,0,1,1,1,1,0,1,1,0,1
"Arthur Lira","PP","AL",NA,NA,NA,NA,NA,NA,1,NA,NA,NA,NA,1,NA,NA,NA
"Reimont","PT","RJ",NA,1,0,1,1,0,1,1,1,1,0,1,1,0,1
"Celso Russomanno","REPUBLICANOS","SP",NA,0,0,1,1,NA,1,1,NA,1,0,1,1,0,1
"Eliane Braz","PSD","CE",NA,1,NA,NA,NA,NA,NA,NA,NA,NA,NA,NA,NA,NA,NA
"Paulo Alexandre Barbosa","PSDB","SP",NA,0,0,1,1,0,0,1,1,1,0,1,1,0,1
"Covatti Filho","PP","RS",NA,0,0,1,0,1,0,0,0,1,1,0,0,1,1
"Geovania de Sá","PSDB","SC",NA,0,0,NA,0,1,0,0,0,1,1,0,0,1,0
"Charles Fernandes","PSD","BA",NA,1,0,1,1,0,1,1,1,1,0,1,1,0,1
"Priscila Costa","PL","CE",NA,0,0,0,0,NA,NA,NA,NA,NA,NA,NA,NA,NA,NA
"Otto Alencar Filho","PSD","BA",NA,0,0,1,1,0,1,1,1,1,0,1,1,0,1
"Moses Rodrigues","UNIÃO","CE",NA,0,0,1,1,0,0,1,1,1,0,1,1,0,1
"Julia Zanatta","PL","SC",NA,0,0,0,0,1,0,0,0,1,1,0,0,1,0
"Rafael Prudente","MDB","DF",NA,1,NA,NA,NA,NA,1,0,1,1,1,0,0,1,1
"Romero Rodrigues","PODE","PB",NA,1,0,1,1,NA,NA,NA,NA,NA,NA,NA,NA,NA,NA
"Magda Mofatto","PL","GO",NA,0,0,1,0,1,0,0,0,1,1,0,0,1,0
"Reginaldo Lopes","PT","MG",NA,1,NA,1,1,0,1,1,1,1,0,1,1,0,1
"Diego Andrade","PSD","MG",NA,0,0,1,1,1,1,1,1,1,0,1,1,0,NA
"Felipe Francischini","UNIÃO","PR",NA,0,0,1,1,1,0,1,0,1,0,1,1,0,1
"Luiz Gastão","PSD","CE",NA,1,NA,1,NA,0,1,0,1,1,0,1,1,0,1
"Marcos Aurélio Sampaio","PSD","PI",NA,1,0,1,1,0,1,0,1,NA,0,1,1,0,1
"Weliton Prado","SOLIDARIEDADE","MG",NA,1,0,1,1,0,1,0,1,0,0,1,1,0,1
"Júlio Cesar","PSD","PI",NA,0,0,1,1,0,1,1,1,NA,NA,1,1,0,1
"Acácio Favacho","MDB","AP",NA,1,0,1,NA,0,1,NA,1,1,0,1,1,0,1
"Neto Carletto","PP","BA",NA,0,0,NA,NA,0,1,1,1,NA,0,1,1,0,1
"Geraldo Mendes","UNIÃO","PR",NA,0,0,1,1,0,0,1,1,1,0,1,1,0,1
"Otoni de Paula","MDB","RJ",NA,1,NA,1,1,0,1,1,1,NA,NA,1,1,NA,1
"Mersinho Lucena","PP","PB",NA,0,0,1,1,0,1,1,1,1,0,1,1,0,1
"José Airton Félix Cirilo","PT","CE",NA,1,0,NA,1,0,NA,1,1,1,0,1,1,NA,1
"Alex Santana","REPUBLICANOS","BA",NA,0,0,1,1,0,1,1,1,1,0,1,1,NA,1
"Glaustin da Fokus","PODE","GO",NA,1,0,1,NA,NA,NA,NA,NA,NA,NA,NA,NA,NA,NA
"Matheus Noronha","PL","CE",NA,0,0,1,1,1,0,0,0,1,0,1,1,0,1
"Darci de Matos","PSD","SC",NA,1,0,1,1,NA,NA,NA,NA,NA,NA,NA,NA,NA,NA
"Rafael Brito","MDB","AL",NA,1,0,1,NA,0,1,0,1,1,0,NA,1,0,1
"Gleisi Hoffmann","PT","PR",NA,1,0,1,1,0,1,1,1,1,0,1,1,0,1
"Alex Manente","CIDADANIA","SP",NA,0,0,NA,1,1,0,1,0,1,0,1,1,0,1
"Fernando Monteiro","PP","PE",NA,0,0,1,1,0,0,1,1,1,0,1,1,0,1
"Luisa Canziani","PSD","PR",NA,1,0,1,NA,NA,1,1,1,1,0,1,1,NA,1
"André Ferreira","PL","PE",NA,0,0,1,0,1,0,0,0,1,1,1,0,1,NA
"Fabio Schiochet","UNIÃO","SC",NA,0,0,1,1,NA,0,0,0,1,1,0,0,1,0
"Erika Kokay","PT","DF",NA,1,0,1,1,0,1,0,1,0,0,1,1,NA,1
"Mario Frias","PL","SP",NA,0,0,1,0,1,0,0,0,1,1,0,0,1,NA
"Diego Coronel","PSD","BA",NA,1,0,1,1,0,1,1,1,1,0,1,1,0,1
"David Soares","UNIÃO","SP",NA,0,0,0,0,NA,0,1,NA,1,0,1,NA,NA,0
"Rogéria Santos","REPUBLICANOS","BA",NA,0,NA,1,1,0,1,1,1,1,0,1,1,0,1
"Elmar Nascimento","UNIÃO","BA",NA,0,0,NA,1,NA,0,1,NA,1,0,1,1,NA,1
"Reinhold Stephanes","PSD","PR",NA,0,0,1,1,1,1,1,0,1,NA,1,1,0,1
"Silvio Costa Filho","REPUBLICANOS","PE",NA,NA,0,1,1,NA,1,1,1,1,0,1,1,0,1
"Maurício Carvalho","UNIÃO","RO",NA,NA,0,1,1,0,0,1,NA,1,0,1,1,0,0
"Pedro Westphalen","PP","RS",NA,NA,0,NA,NA,1,NA,0,0,1,1,0,0,1,0
"Fábio Macedo","PODE","MA",NA,NA,0,1,1,0,1,1,1,1,0,1,1,NA,1
"Igor Timo","PODE","MG",NA,NA,0,1,1,0,1,1,1,1,0,1,1,0,1
"Evair Vieira de Melo","PP","ES",NA,NA,0,0,0,1,0,1,0,1,1,0,0,1,0
"Dr. Victor Linhalis","PODE","ES",NA,NA,0,1,1,0,1,1,1,1,0,1,1,0,1
"Carlos Chiodini","MDB","SC",NA,NA,0,1,1,0,1,1,NA,1,0,NA,1,NA,1
"Cleber Verde","MDB","MA",NA,NA,0,1,1,NA,NA,NA,NA,NA,NA,NA,NA,NA,NA
"Adolfo Viana","PSDB","BA",NA,NA,NA,1,1,NA,NA,NA,NA,1,0,1,1,0,1
"Zé Vitor","PL","MG",NA,NA,NA,1,NA,1,1,1,NA,NA,NA,NA,NA,NA,1
"Gilberto Nascimento","PSD","SP",NA,NA,NA,1,NA,NA,NA,0,NA,NA,NA,NA,NA,NA,NA
"Pinheirinho","PP","MG",NA,NA,NA,NA,1,0,1,1,1,1,0,1,1,0,1
"Washington Quaquá","PT","RJ",NA,NA,NA,NA,NA,0,1,1,1,1,0,1,1,0,1
"Greyce Elias","AVANTE","MG",NA,NA,NA,NA,NA,1,0,1,0,1,0,1,1,0,1
"Celso Sabino","UNIÃO","PA",NA,NA,NA,NA,NA,0,0,1,1,1,0,1,1,0,1
"Mauricio Neves","PP","SP",NA,NA,NA,NA,NA,0,1,1,1,1,0,1,1,0,1
"Fabio Garcia","UNIÃO","MT",NA,NA,NA,NA,NA,1,0,1,0,1,1,1,1,0,1
"Eduardo Velloso","UNIÃO","AC",NA,NA,NA,NA,NA,0,0,0,1,1,0,1,1,0,NA
"Ricardo Abrão","UNIÃO","RJ",NA,NA,NA,NA,NA,0,0,1,0,1,0,1,1,0,1
"Ivan Valente","PSOL","SP",NA,NA,NA,NA,NA,0,1,0,1,0,0,0,0,1,0
"Marcos Tavares","PDT","RJ",NA,NA,NA,NA,NA,0,1,1,1,1,0,1,1,0,1
"Deltan Dallagnol","PODE","PR",NA,NA,NA,NA,NA,1,0,1,0,1,1,0,0,1,0
"Fred Costa","PATRIOTA","MG",NA,NA,NA,NA,NA,0,1,1,1,NA,NA,NA,NA,NA,NA
"Hercílio Coelho Diniz","MDB","MG",NA,NA,NA,NA,NA,1,1,0,1,1,0,1,1,0,1
"Glaustin da Fokus","PSC","GO",NA,NA,NA,NA,NA,1,1,1,1,1,0,1,1,0,NA
"Vinicius Gurgel","PL","AP",NA,NA,NA,NA,NA,0,1,1,0,1,0,1,1,0,1
"Célio Studart","PSD","CE",NA,NA,NA,NA,NA,0,1,0,1,0,0,1,1,0,1
"Marco Bertaiolli","PSD","SP",NA,NA,NA,NA,NA,1,1,1,1,1,0,1,1,0,1
"Sonize Barbosa","PL","AP",NA,NA,NA,NA,NA,1,0,0,0,NA,NA,NA,NA,NA,1
"Yury do Paredão","PL","CE",NA,NA,NA,NA,NA,0,1,0,0,1,0,1,1,0,1
"Dayany Bittencourt","UNIÃO","CE",NA,NA,NA,NA,NA,0,0,0,0,0,1,0,0,0,1
"Romero Rodrigues","PSC","PB",NA,NA,NA,NA,NA,0,1,1,1,1,0,1,1,0,1
"Célio Silveira","MDB","GO",NA,NA,NA,NA,NA,0,1,0,1,1,0,1,1,0,1
"Ruy Carneiro","PSC","PB",NA,NA,NA,NA,NA,0,1,1,1,1,0,1,1,0,1
"Elcione Barbalho","MDB","PA",NA,NA,NA,NA,NA,0,1,1,1,1,0,1,1,0,1
"Luciano Bivar","UNIÃO","PE",NA,NA,NA,NA,NA,0,1,1,1,1,0,1,1,0,1
"Cleber Verde","REPUBLICANOS","MA",NA,NA,NA,NA,NA,0,1,1,1,1,0,1,1,0,1
"Camila Jara","PT","MS",NA,NA,NA,NA,NA,0,1,1,1,1,0,1,1,0,1
"Adriano do Baldy","PP","GO",NA,NA,NA,NA,NA,0,1,1,1,1,0,1,1,0,NA
"Ricardo Guidi","PSD","SC",NA,NA,NA,NA,NA,1,0,0,0,1,1,0,0,NA,0
"Benes Leocádio","UNIÃO","RN",NA,NA,NA,NA,NA,0,0,1,1,1,0,1,1,0,1
"Filipe Martins","PL","TO",NA,NA,NA,NA,NA,1,0,0,0,1,0,1,1,0,1
"Thiago Flores","MDB","RO",NA,NA,NA,NA,NA,0,1,0,0,1,0,1,1,1,1
"Aécio Neves","PSDB","MG",NA,NA,NA,NA,NA,0,0,1,1,1,0,1,1,0,NA
"Delegado Matheus Laiola","UNIÃO","PR",NA,NA,NA,NA,NA,0,0,1,1,1,0,1,1,0,1
"Eduardo Bismarck","PDT","CE",NA,NA,NA,NA,NA,0,1,1,1,1,0,1,1,0,1
"Juarez Costa","MDB","MT",NA,NA,NA,NA,NA,0,1,1,1,1,0,1,1,0,1
"Lafayette de Andrada","REPUBLICANOS","MG",NA,NA,NA,NA,NA,1,1,0,0,1,0,1,1,0,1
"Milton Vieira","REPUBLICANOS","SP",NA,NA,NA,NA,NA,0,1,1,1,1,NA,1,1,0,1
"Junio Amaral","PL","MG",NA,NA,NA,NA,NA,1,0,1,0,1,1,0,0,1,0
"Altineu Côrtes","PL","RJ",NA,NA,NA,NA,NA,NA,NA,0,NA,NA,NA,NA,0,1,NA
"Domingos Neto","PSD","CE",NA,NA,NA,NA,NA,NA,NA,NA,1,1,0,1,1,0,1
"Renan Ferreirinha","PSD","RJ",NA,NA,NA,NA,NA,NA,NA,NA,NA,1,0,1,1,0,NA
"Paulo Folletto","PSB","ES",NA,NA,NA,NA,NA,NA,NA,NA,NA,NA,0,1,1,0,NA
"Gilberto Nascimento","PSC","SP",NA,NA,NA,NA,NA,NA,NA,NA,NA,NA,NA,0,NA,NA,1
"Dr. Daniel Soranz","PSD","RJ",NA,NA,NA,NA,NA,NA,NA,NA,NA,NA,NA,NA,NA,NA,1
"Emidinho Madeira","PL","MG",NA,NA,NA,NA,NA,NA,NA,NA,NA,NA,NA,NA,NA,NA,0
"Any Ortiz","CIDADANIA","RS",NA,NA,NA,NA,NA,NA,NA,NA,NA,NA,NA,NA,NA,NA,1
"Chris Tonietto","PL","RJ",NA,NA,NA,NA,NA,NA,NA,NA,NA,NA,NA,NA,NA,NA,0
